{"name":"be4005fe-be13-4006-9b4a-5a939305ae23","id":"/providers/Microsoft.Flow/flows/be4005fe-be13-4006-9b4a-5a939305ae23","type":"Microsoft.Flow/flows","properties":{"apiId":"/providers/Microsoft.PowerApps/apis/shared_logicflows","displayName":"PowerApp -> PublicadordeMensagemnoTeams","definition":{"metadata":{"workflowEntityId":null,"flowclientsuspensionreason":"None","flowclientsuspensiontime":null,"creator":{"id":"971eac8f-a5b5-4e83-844b-6362e8e4115f","type":"User","tenantId":"086bb502-d58c-42d4-9c8d-f0ad58fcdc6a"},"provisioningMethod":"FromDefinition","failureAlertSubscription":true,"clientLastModifiedTime":"2020-10-28T00:42:25.148238Z"},"$schema":"https://schema.management.azure.com/providers/Microsoft.Logic/schemas/2016-06-01/workflowdefinition.json#","contentVersion":"1.0.0.0","parameters":{"$connections":{"defaultValue":{},"type":"Object"},"$authentication":{"defaultValue":{},"type":"SecureObject"}},"triggers":{"manual":{"type":"Request","kind":"PowerApp","inputs":{"schema":{"type":"object","properties":{"Postarumamensagem(V3)_Mensagem":{"type":"string","format":"html","description":"Corpo da mensagem.. Este parâmetro é usado como parte de \"FBDF3E72-4DEC-4775-8F6D-9D37C429FC22\"","x-ms-powerflows-param-ispartial":true}},"required":["Postarumamensagem(V3)_Mensagem"]}}}},"actions":{"Postar_uma_mensagem_(V3)":{"runAfter":{},"type":"OpenApiConnection","inputs":{"host":{"apiId":"/providers/Microsoft.PowerApps/apis/shared_teams","connectionName":"shared_teams","operationId":"PostMessageToChannelV3"},"parameters":{"groupId":"0d4df9c3-57d2-4b34-af44-073fd564fe50","channelId":"19:4258b65e28384ac9967553efdd0615bc@thread.tacv2","body/body/content":"<p><span style=\"color: rgb(147,101,184)\"><strong>Mensagem inserida pelo usuário no aplicativo a ser postada no Teams:<br>\n<br>\n</strong></span><span style=\"color: rgb(147,101,184)\"><strong>@{triggerBody()['Postarumamensagem(V3)_Mensagem']}</strong></span><span style=\"color: rgb(147,101,184)\"><strong></strong></span></p>"},"authentication":{"value":"@json(decodeBase64(triggerOutputs().headers['X-MS-APIM-Tokens']))['$ConnectionKey']","type":"Raw"}}}},"outputs":{}},"connectionReferences":{"shared_teams":{"connectionName":"shared-teams-2e8e1354-d9b4-4b60-b8f3-b1e8-1b79f505","source":"Invoker","id":"/providers/Microsoft.PowerApps/apis/shared_teams","tier":"NotSpecified"}},"flowFailureAlertSubscribed":false}}