{"name":"f496c6d7-3495-4b0b-8674-578d7851e023","id":"/providers/Microsoft.Flow/flows/f496c6d7-3495-4b0b-8674-578d7851e023","type":"Microsoft.Flow/flows","properties":{"apiId":"/providers/Microsoft.PowerApps/apis/shared_logicflows","displayName":"ObterPrevisãodoTempodoLocalAtual","definition":{"metadata":{"workflowEntityId":null,"flowclientsuspensionreason":"None","flowclientsuspensiontime":null,"creator":{"id":"971eac8f-a5b5-4e83-844b-6362e8e4115f","type":"User","tenantId":"086bb502-d58c-42d4-9c8d-f0ad58fcdc6a"},"provisioningMethod":"FromDefinition","failureAlertSubscription":true,"clientLastModifiedTime":"2020-10-28T00:44:00.9835156Z"},"$schema":"https://schema.management.azure.com/providers/Microsoft.Logic/schemas/2016-06-01/workflowdefinition.json#","contentVersion":"1.0.0.0","parameters":{"$connections":{"defaultValue":{},"type":"Object"},"$authentication":{"defaultValue":{},"type":"SecureObject"}},"triggers":{"manual":{"type":"Request","kind":"Button","inputs":{"schema":{"type":"object","properties":{"location":{"type":"object","properties":{"address":{"type":"object","properties":{"countryOrRegion":{"type":"string","x-ms-dynamically-added":false}},"required":["countryOrRegion"]},"coordinates":{"type":"object","properties":{"longitude":{"type":"string","x-ms-dynamically-added":false},"latitude":{"type":"string","x-ms-dynamically-added":false}},"required":["longitude","latitude"]}},"required":["address","coordinates"]}},"required":["location"]}}}},"actions":{"Condition":{"actions":{"Get_forecast_for_today_(US)":{"runAfter":{},"metadata":{"flowSystemMetadata":{"swaggerOperationId":"TodaysForecast"}},"type":"ApiConnection","inputs":{"host":{"connection":{"name":"@json(decodeBase64(triggerOutputs().headers['X-MS-APIM-Tokens']))['$connections']['shared_msnweather']['connectionId']"},"api":{"runtimeUrl":"https://brazil-001.azure-apim.net/apim/msnweather"}},"method":"get","path":"/forecast/today/@{encodeURIComponent(triggerBody()['location']['coordinates']['latitude'],', ',triggerBody()['location']['coordinates']['longitude'])}","queries":{"units":"Imperial"},"authentication":{"type":"Raw","value":"@json(decodeBase64(triggerOutputs().headers['X-MS-APIM-Tokens']))['$ConnectionKey']"}}},"Send_a_push_notification_(US)":{"runAfter":{"Get_forecast_for_today_(US)":["Succeeded"]},"metadata":{"flowSystemMetadata":{"swaggerOperationId":"SendNotification"}},"type":"ApiConnection","inputs":{"host":{"connection":{"name":"@json(decodeBase64(triggerOutputs().headers['X-MS-APIM-Tokens']))['$connections']['shared_flowpush']['connectionId']"},"api":{"runtimeUrl":"https://brazil-001.azure-apim.net/apim/flowpush"}},"method":"post","body":{"notificationText":"High of @{body('Get_forecast_for_today_(US)')?['responses']?['daily']?['tempHi']}@{body('Get_forecast_for_today_(US)')?['units']?['temperature']} and low of @{body('Get_forecast_for_today_(US)')?['responses']?['daily']?['tempLo']}@{body('Get_forecast_for_today_(US)')?['units']?['temperature']}. @{body('Get_forecast_for_today_(US)')?['responses']?['daily']?['precip']}% chance of rain.","notificationLink":{"uri":"@{body('Get_forecast_for_today_(US)')?['responses']?['source']?['clickThrough']}","label":"See the full details about the @{body('Get_forecast_for_today_(US)')?['responses']?['daily']?['pvdrCap']} weather in @{body('Get_forecast_for_today_(US)')?['responses']?['source']?['location']}"}},"path":"/sendNotification","authentication":{"type":"Raw","value":"@json(decodeBase64(triggerOutputs().headers['X-MS-APIM-Tokens']))['$ConnectionKey']"}}}},"runAfter":{},"else":{"actions":{"Send_a_push_notification_(Metric)":{"runAfter":{"Get_forecast_for_today_(Metric)":["Succeeded"]},"metadata":{"flowSystemMetadata":{"swaggerOperationId":"SendNotification"}},"type":"ApiConnection","inputs":{"host":{"connection":{"name":"@json(decodeBase64(triggerOutputs().headers['X-MS-APIM-Tokens']))['$connections']['shared_flowpush']['connectionId']"},"api":{"runtimeUrl":"https://brazil-001.azure-apim.net/apim/flowpush"}},"method":"post","body":{"notificationText":"High of @{body('Get_forecast_for_today_(Metric)')?['responses']?['daily']?['tempHi']}@{body('Get_forecast_for_today_(Metric)')?['units']?['temperature']} and low of @{body('Get_forecast_for_today_(Metric)')?['responses']?['daily']?['tempLo']}@{body('Get_forecast_for_today_(Metric)')?['units']?['temperature']}. @{body('Get_forecast_for_today_(Metric)')?['responses']?['daily']?['precip']}% chance of rain.","notificationLink":{"uri":"@{body('Get_forecast_for_today_(Metric)')?['responses']?['source']?['clickThrough']}","label":"See the full details about the @{body('Get_forecast_for_today_(Metric)')?['responses']?['daily']?['pvdrCap']} weather in @{body('Get_forecast_for_today_(Metric)')?['responses']?['source']?['location']}"}},"path":"/sendNotification","authentication":{"type":"Raw","value":"@json(decodeBase64(triggerOutputs().headers['X-MS-APIM-Tokens']))['$ConnectionKey']"}}},"Get_forecast_for_today_(Metric)":{"runAfter":{},"metadata":{"flowSystemMetadata":{"swaggerOperationId":"TodaysForecast"}},"type":"ApiConnection","inputs":{"host":{"connection":{"name":"@json(decodeBase64(triggerOutputs().headers['X-MS-APIM-Tokens']))['$connections']['shared_msnweather']['connectionId']"},"api":{"runtimeUrl":"https://brazil-001.azure-apim.net/apim/msnweather"}},"method":"get","path":"/forecast/today/@{encodeURIComponent(triggerBody()['location']['coordinates']['latitude'],', ',triggerBody()['location']['coordinates']['longitude'])}","queries":{"units":"Metric"},"authentication":{"type":"Raw","value":"@json(decodeBase64(triggerOutputs().headers['X-MS-APIM-Tokens']))['$ConnectionKey']"}}}}},"expression":"@equals(triggerBody()['location']['address']['countryOrRegion'], 'United States')","type":"If"}},"outputs":{},"description":"Com um único toque de botão, obtenha a previsão do tempo de hoje enviada por push para seus dispositivos móveis."},"connectionReferences":{"shared_msnweather":{"connectionName":"shared-msnweather-7f5fc10e-78d9-4136-a938-3e2d-cbefbcfd","source":"Invoker","id":"/providers/Microsoft.PowerApps/apis/shared_msnweather","tier":"NotSpecified"},"shared_flowpush":{"connectionName":"shared-flowpush-621308ba-546d-4a4e-9b38-08c1-4f556228","source":"Invoker","id":"/providers/Microsoft.PowerApps/apis/shared_flowpush","tier":"NotSpecified"}},"flowFailureAlertSubscribed":false}}