{"name":"5fc960b1-1d1b-4fac-9204-84edbd692cc5","id":"/providers/Microsoft.Flow/flows/5fc960b1-1d1b-4fac-9204-84edbd692cc5","type":"Microsoft.Flow/flows","properties":{"apiId":"/providers/Microsoft.PowerApps/apis/shared_logicflows","displayName":"PublicadordeMensagemnoTeamsStandalone","definition":{"metadata":{"workflowEntityId":null,"flowclientsuspensionreason":"None","flowclientsuspensiontime":null,"creator":{"id":"971eac8f-a5b5-4e83-844b-6362e8e4115f","type":"User","tenantId":"086bb502-d58c-42d4-9c8d-f0ad58fcdc6a"},"provisioningMethod":"FromDefinition","failureAlertSubscription":true,"clientLastModifiedTime":"2020-10-28T00:43:17.5122152Z"},"$schema":"https://schema.management.azure.com/providers/Microsoft.Logic/schemas/2016-06-01/workflowdefinition.json#","contentVersion":"1.0.0.0","parameters":{"$connections":{"defaultValue":{},"type":"Object"},"$authentication":{"defaultValue":{},"type":"SecureObject"}},"triggers":{"Recurrence":{"recurrence":{"frequency":"Day","interval":1,"startTime":"2020-10-27T23:45:00.000Z"},"type":"Recurrence"}},"actions":{"Postar_uma_mensagem_(V3)":{"runAfter":{},"type":"OpenApiConnection","inputs":{"host":{"apiId":"/providers/Microsoft.PowerApps/apis/shared_teams","connectionName":"shared_teams","operationId":"PostMessageToChannelV3"},"parameters":{"groupId":"0d4df9c3-57d2-4b34-af44-073fd564fe50","channelId":"19:4258b65e28384ac9967553efdd0615bc@thread.tacv2","body/body/content":"<p>Olá <strong>Pessoal</strong>, boa noite!<br>\n<br>\nEsta é uma mensagem de teste feita para testar o fluxo do Power Automate para o curso de Power Platform.<br>\n<br>\nQualquer dúvida, estou à disposição.</p>"},"authentication":"@parameters('$authentication')"}}}},"connectionReferences":{"shared_teams":{"connectionName":"shared-teams-2e8e1354-d9b4-4b60-b8f3-b1e8-1b79f505","source":"Embedded","id":"/providers/Microsoft.PowerApps/apis/shared_teams","tier":"NotSpecified"}},"flowFailureAlertSubscribed":false}}